Metric,Value
F1 Score,0.6141215106732348
Recall,0.45278450363196127
Precision,0.9540816326530612
ROC AUC,0.6734510753453925
