Metric,Value
F1 Score,0.6926536731634183
Recall,0.5620437956204379
Precision,0.90234375
ROC AUC,0.6373437368906788
