Metric,Value
F1 Score,0.42610364683301344
Recall,0.27543424317617865
Precision,0.940677966101695
ROC AUC,0.6008750163249315
