Metric,Value
F1 Score,0.5371024734982333
Recall,0.37346437346437344
Precision,0.9559748427672956
ROC AUC,0.6474063440355575
