Metric,Value
F1 Score,0.6872110939907551
Recall,0.5603015075376885
Precision,0.8884462151394422
ROC AUC,0.6401507537688442
