Metric,Value
F1 Score,0.5314183123877918
Recall,0.3690773067331671
Precision,0.9487179487179487
ROC AUC,0.6433015399645217
