Metric,Value
F1 Score,0.8767851212221853
Recall,0.8930987821380244
Precision,0.8610567514677103
ROC AUC,0.624797125207985
