Metric,Value
F1 Score,0.8950495049504952
Recall,0.9795665634674923
Precision,0.8239583333333333
ROC AUC,0.5462137279279718
