Metric,Value
F1 Score,0.8101175632347702
Recall,0.7682432432432432
Precision,0.8568198944988696
ROC AUC,0.6087593027810418
