Metric,Value
F1 Score,0.8583717357910906
Recall,0.8875476493011436
Precision,0.8310529446757883
ROC AUC,0.5860912050032167
