Metric,Value
F1 Score,0.9001464128843338
Recall,0.9796048438495857
Precision,0.83261105092091
ROC AUC,0.5545911543191591
