Metric,Value
F1 Score,0.8420373952288844
Recall,0.8157401623985009
Precision,0.8700866089273818
ROC AUC,0.6616579599871293
